Product Category,Product Type,Description,Product Material,Dimension L,Dimension W,Dimension H,Product Weight,Selling Price,MRP,Stock,Front Image,Back Image,Model Image
necklaces,Choker Necklace,Pure 92.5% Silver Black + AD Stone Designer Choker,92.50 % silver,15mm,12mm,5mm,12.500g,1200,1500,20,https://res.cloudinary.com/dxq570mvr/image/upload/v1790437755/products/ytzup4dvq9lcpdwg9ace.jpg,https://res.cloudinary.com/dxq570mvr/image/upload/v1790437756/products/yibsahzxbuvf1oojulio.jpg,https://res.cloudinary.com/dxq570mvr/image/upload/v1790437758/products/uxckwig39fxpa3jvnlam.jpg
earrings,Polki Jhumka,Traditional Rajputana Meenakari Polki Jhumka,22K 916 Gold,25mm,15mm,10mm,8.450g,8500,11000,15,https://res.cloudinary.com/dxq570mvr/image/upload/v1790438048/products/npwvem54wujiahzduvgj.jpg,https://res.cloudinary.com/dxq570mvr/image/upload/v1790437774/products/iy2tmopioy9ecl3lcasq.png,https://res.cloudinary.com/dxq570mvr/image/upload/v1790438048/products/npwvem54wujiahzduvgj.jpg
rings,Solitaire Diamond Ring,Sparkling American Diamond CZ Solitaire Finger Ring,92.50 % silver,6mm,6mm,4mm,2.150g,850,1100,30,https://res.cloudinary.com/dxq570mvr/image/upload/v1790438017/products/tct7ndd3gn6lebxusm8v.png,https://res.cloudinary.com/dxq570mvr/image/upload/v1790438028/products/bboezbggd1yd06cb0dp5.png,https://res.cloudinary.com/dxq570mvr/image/upload/v1790438017/products/tct7ndd3gn6lebxusm8v.png
bangles,Meenakari Kangan,Royal Antique Handcrafted Kangan Pair,22K Gold & 925 Silver,60mm,60mm,12mm,24.800g,15000,19000,10,https://res.cloudinary.com/dxq570mvr/image/upload/v1790437791/products/wr9rwfkdyq8c6pd4ycyp.png,https://res.cloudinary.com/dxq570mvr/image/upload/v1790437823/products/plud8rud1zhdslybquw1.png,https://res.cloudinary.com/dxq570mvr/image/upload/v1790437791/products/wr9rwfkdyq8c6pd4ycyp.png
mangalsutra,Royal Black Bead Mangalsutra,Traditional 22K Hallmarked Black Bead Double Layer Mangalsutra,22K 916 Gold,450mm,10mm,5mm,6.800g,12000,15000,12,https://res.cloudinary.com/dxq570mvr/image/upload/v1790437755/products/ytzup4dvq9lcpdwg9ace.jpg,https://res.cloudinary.com/dxq570mvr/image/upload/v1790437756/products/yibsahzxbuvf1oojulio.jpg,https://res.cloudinary.com/dxq570mvr/image/upload/v1790437755/products/ytzup4dvq9lcpdwg9ace.jpg
nose-pins,noz pin,silver Black+AD STONE pic 20,92.50 % silver,8mm,8mm,7mm,0.640mg,540,756,25,https://res.cloudinary.com/dxq570mvr/image/upload/v1790437758/products/uxckwig39fxpa3jvnlam.jpg,https://res.cloudinary.com/dxq570mvr/image/upload/v1790437758/products/uxckwig39fxpa3jvnlam.jpg,https://res.cloudinary.com/dxq570mvr/image/upload/v1790437758/products/uxckwig39fxpa3jvnlam.jpg
chains,Italian Box Chain,Sleek 92.5 Pure Sterling Silver Italian Box Chain 20 inch,92.50 % silver,500mm,2mm,2mm,4.500g,1800,2400,20,https://res.cloudinary.com/dxq570mvr/image/upload/v1790437840/products/kwggusskjxveekrclspz.png,https://res.cloudinary.com/dxq570mvr/image/upload/v1790437840/products/kwggusskjxveekrclspz.png,https://res.cloudinary.com/dxq570mvr/image/upload/v1790437840/products/kwggusskjxveekrclspz.png
pendants,Auspicious OM Pendant,Sacred 92.5 Silver OM Religious Locket Pendant,92.50 % silver,20mm,15mm,3mm,3.200g,650,900,40,https://res.cloudinary.com/dxq570mvr/image/upload/v1790437756/products/yibsahzxbuvf1oojulio.jpg,https://res.cloudinary.com/dxq570mvr/image/upload/v1790437756/products/yibsahzxbuvf1oojulio.jpg,https://res.cloudinary.com/dxq570mvr/image/upload/v1790437756/products/yibsahzxbuvf1oojulio.jpg
anklets,Ghungroo Payal,Authentic Chhama Chham Bell Ghungroo Sterling Silver Payal Pair,92.50 % silver,260mm,6mm,6mm,18.500g,2200,2900,18,https://res.cloudinary.com/dxq570mvr/image/upload/v1790438039/products/pxrds23qarxramiu9uxz.jpg,https://res.cloudinary.com/dxq570mvr/image/upload/v1790438039/products/bhm3folil05qmp1tmwrl.jpg,https://res.cloudinary.com/dxq570mvr/image/upload/v1790438039/products/pxrds23qarxramiu9uxz.jpg
bridal-jewellery-sets,Grand Bridal Set,Exquisite Kundan & Pearl Complete Bridal Jewellery Set,22K 916 Gold & Kundan,N/A,N/A,N/A,85.000g,75000,95000,5,https://res.cloudinary.com/dxq570mvr/image/upload/v1790437758/products/uxckwig39fxpa3jvnlam.jpg,https://res.cloudinary.com/dxq570mvr/image/upload/v1790437774/products/iy2tmopioy9ecl3lcasq.png,https://res.cloudinary.com/dxq570mvr/image/upload/v1790437758/products/uxckwig39fxpa3jvnlam.jpg
